id,name,shortDescription,categories,tier,locationLon,locationLat,tags,xps,main_image_path
4b36a3ed-3b28-4bc7-b975-1d48b586db03,Galería Fran Reus,"La Galería Fran Reus es un espacio dedicado a la introducción de artistas emergentes y propuestas jóvenes dentro de un circuito artístico consolidado, en el ámbito nacional o internacional.","['Escultura', 'Pintura']",1,2.6422617997129736,39.57269379553084,[],500,data_main/4b36a3ed-3b28-4bc7-b975-1d48b586db03/main.jpg
e32b3603-a94f-49df-8b31-92445a86377c,Convento de San Plácido,"El Convento de San Plácido en Madrid, fundado por Teresa de Ayala, es un enclave histórico lleno de misterio y devoción que resalta la influencia de las mujeres en la historia religiosa de la ciudad.","['Patrimonio', 'Historia']",1,-3.704466679703825,40.42303656631572,[],500,data_main/e32b3603-a94f-49df-8b31-92445a86377c/main.jpg
0123a69b-13ac-4b65-a5d5-71a95560cff5,Instituto Geológico y Minero de España,"El Instituto Geológico y Minero de España, situado en la calle de Ríos Rosas en Madrid, es un centro de investigación científica de referencia en geología.","['Ciencia', 'Patrimonio']",2,-3.699693697942533,40.44204451855193,[],250,data_main/0123a69b-13ac-4b65-a5d5-71a95560cff5/main.jpg
390d7d9e-e972-451c-b5e4-f494af15e788,Margarita Gil Roësset,"Margarita Gil Roësset, escultora y poetisa española, dejó una huella profunda y trágica en la historia del arte. Su breve pero intensa carrera culminó en un acto final de desesperación, dejando un legado de obras cargadas de emoción y melancolía.",['Cultura'],1,-3.6912283295168256,40.42725576857007,[],500,data_main/390d7d9e-e972-451c-b5e4-f494af15e788/main.jpg
023fc1bf-a1cd-4b9f-af78-48792ab1a294,Museo del Traje. Centro de Investigación del Patrimonio Etnológico (CIPE),"El Museo del Traje de Madrid, fundado en 2004, es una joven institución que ofrece un recorrido histórico por la moda y el vestuario, desde la antigüedad hasta la actualidad.","['Patrimonio', 'Cultura']",1,-3.727822373257623,40.43966478861165,[],500,data_main/023fc1bf-a1cd-4b9f-af78-48792ab1a294/main.jpg
bcd58127-76bd-44e7-84d8-cc25b46c7962,Clara Campoamor,"Clara Campoamor fue una abogada, escritora y política española cuya lucha incansable por el sufragio femenino cambió para siempre la historia de España, abriendo las puertas de la democracia a las mujeres.","['Historia', 'Cultura']",1,-3.690210921050405,40.43508150143175,[],500,data_main/bcd58127-76bd-44e7-84d8-cc25b46c7962/main.jpg
f45b1b38-36cd-4479-bac1-544ca6b1e685,Plaza de la Encarnación,"Debe su nombre al desaparecido convento de la Encarnación, de la Orden de San Agustín, cuyo edificio ocupaba parte de la plaza. Después, mercado de abastos. Ahora alberga una de las estructuras más modernas de Sevilla: el Metropol Parasol. ¿Qué más esconderá esta plaza?","['Historia', 'Arquitectura']",2,-5.99200705884495,37.3929530543295,[],250,data_main/f45b1b38-36cd-4479-bac1-544ca6b1e685/main.jpg
ca8d89fa-3e9e-4639-ac01-7f83c5d0130e,Atentado en 1985,1985. ETA asesina en Madrid al coronel auditor del Ejército Vicente Romero y a su conductor Juan García Jiménez.,['Historia'],3,-3.677161321066506,40.43580018310308,[],100,data_main/ca8d89fa-3e9e-4639-ac01-7f83c5d0130e/main.jpg
0089bb20-c132-496c-b215-1986fcfa9d4b,Cuesta de los ciegos,"La Cuesta de los Ciegos es una escalera empedrada y encantada, un recoveco histórico en el corazón de Madrid que conecta el barrio de La Latina con los jardines de Las Vistillas.","['Arquitectura', 'Historia']",3,-3.714566685108879,40.41298439281315,[],150,data_main/0089bb20-c132-496c-b215-1986fcfa9d4b/main.jpg
297257de-a00a-4e99-bd21-b3a2c529e916,Fragmento de la muralla árabe de Madrid,"Este vestigio de la muralla árabe del siglo IX, ubicado junto al Palacio Real, es un testimonio de la fundación de Madrid como fortaleza islámica en la época de Al-Ándalus.","['Arquitectura', 'Patrimonio']",2,-3.714546245709183,40.41486580488172,[],250,data_main/297257de-a00a-4e99-bd21-b3a2c529e916/main.jpg
fcea4bd6-4778-4819-be83-f4267a39b98c,Plaza del Emperador Carlos V,"Dedicada al legado del emperador Carlos V; punto de llegada, punto de partida...","['Arquitectura', 'Historia']",2,-3.692685351649598,40.40811484380652,[],250,data_main/fcea4bd6-4778-4819-be83-f4267a39b98c/main.jpg
a8933578-2478-430e-a6ed-7d936fddee5c,La Residencia de Señoritas,"La Residencia de Señoritas, fundada en 1915 por María de Maeztu en Madrid, fue el primer centro en España dedicado a la educación universitaria femenina.","['Cultura', 'Ciencia']",1,-3.690636205587448,40.43485236470845,[],500,data_main/a8933578-2478-430e-a6ed-7d936fddee5c/main.jpg
5dfc63e2-189f-41c0-bf22-cc57c3af7a61,Baró,"Fundada per María Baró a São Paulo el 1999, és un referent de l'art internacional al Brasil i ha portat l'art llatinoamericà per tots els racons del planeta. ","['Escultura', 'Pintura']",1,2.652897544181575,39.57016031648573,[],500,data_main/5dfc63e2-189f-41c0-bf22-cc57c3af7a61/main.jpg
16fa4d31-9633-4a10-affb-3fd1a247a9ba,Escudo de los Caballeros de la Orden de Malta,Un misterioso vestigio de una orden de cruzados en pleno Malasaña.,"['Arquitectura', 'Historia']",3,-3.70286847944282,40.423151752879534,[],100,data_main/16fa4d31-9633-4a10-affb-3fd1a247a9ba/main.jpg
b0614eca-8621-44ca-8f8e-6b9eeb9ece35,Puerta del Sol,"La Puerta del Sol, epicentro de la cultura madrileña, guarda en sus rincones la historia  de Las Sinsombrero, mujeres pioneras de la Generación del 27 que desafiaron normas sociales y culturales.","['Cultura', 'Patrimonio']",1,-3.703374110735152,40.416923224923565,[],500,data_main/b0614eca-8621-44ca-8f8e-6b9eeb9ece35/main.jpg
b18f3265-8773-47f7-bad7-4ab161098cb5,Cafe Gijón,"El Café Gijón, emblemático lugar de encuentro cultural en Madrid, fue un importante núcleo para las Sinsombrero, destacadas figuras del movimiento feminista español.",['Cultura'],1,-3.692296820498533,40.4222967767356,[],500,data_main/b18f3265-8773-47f7-bad7-4ab161098cb5/main.jpg
5f03487a-4aed-4383-aa9c-da80ba8fd66c,L21 Gallery,"L21 Gallery, fundada por Óscar Florit en Palma de Mallorca en 2012, ha evolucionado constantemente. Representa a artistas emergentes y experimenta con nuevos formatos expositivos.","['Escultura', 'Pintura']",1,2.6540652423273694,39.5777234875653,[],500,data_main/5f03487a-4aed-4383-aa9c-da80ba8fd66c/main.jpg
67a5b881-08d3-4ebf-8bb5-01bee12dd6e9,Kewenig,"Fundada en 1986, Kewenig se ha convertido en una galería internacional que opera espacios en Berlín y Palma de Mallorca.","['Escultura', 'Pintura']",1,2.645645786508946,39.57059931528129,[],500,data_main/67a5b881-08d3-4ebf-8bb5-01bee12dd6e9/main.jpg
6d63cdf0-8557-4344-973f-f4c2ecda3726,LA BIBI,LA BIBI es una galería de arte contemporáneo dedicada a exhibir arte contemporáneo en una variedad de medios y géneros y a la representación de sus artistas,"['Pintura', 'Escultura']",1,2.62568225767263,39.6183812969093,[],500,data_main/6d63cdf0-8557-4344-973f-f4c2ecda3726/main.jpg
